Time,Latitude,Longitude,GPSAltitude,Speed,Pressure,Temperature,Altitude
170322_17564900,46.244275,20.157833,0.00,0.31,1021.79,19.03,-109.78
170322_17564900,46.244275,20.157833,0.00,0.31,1021.80,19.01,-109.80
170322_17564900,46.244275,20.157833,153.70,0.31,1021.80,18.99,-109.81
170322_17565200,46.244260,20.157799,146.40,1.37,1021.79,18.97,-109.78
170322_17565300,46.244244,20.157791,141.20,0.70,1021.80,18.95,-109.82
170322_17565400,46.244235,20.157790,139.30,0.96,1021.80,18.93,-109.83
170322_17565500,46.244224,20.157791,137.10,0.67,1021.80,18.92,-109.84
170322_17565600,46.244217,20.157797,134.50,0.39,1021.80,18.90,-109.80
170322_17565700,46.244212,20.157799,132.60,0.46,1021.80,18.88,-109.81
170322_17565800,46.244202,20.157803,130.30,0.07,1021.80,18.87,-109.82
170322_17565900,46.244194,20.157806,128.40,0.17,1021.80,18.85,-109.79
170322_17570000,46.244186,20.157810,126.70,0.24,1021.80,18.83,-109.81
170322_17570100,46.244177,20.157812,125.10,0.31,1021.80,18.82,-109.83
170322_17570200,46.244168,20.157812,124.20,0.50,1021.80,18.81,-109.83
170322_17570300,46.244159,20.157812,123.20,0.52,1021.80,18.79,-109.82
170322_17570400,46.244151,20.157809,122.80,0.07,1021.80,18.78,-109.79
170322_17570500,46.244145,20.157810,122.10,0.07,1021.80,18.78,-109.85
170322_17570600,46.244141,20.157813,121.40,0.04,1021.80,18.77,-109.82
170322_17570700,46.244138,20.157815,120.70,0.11,1021.80,18.76,-109.84
170322_17570800,46.244136,20.157817,120.10,0.09,1021.80,18.75,-109.86
170322_17570900,46.244134,20.157820,119.30,0.22,1021.81,18.74,-109.87
170322_17571000,46.244132,20.157822,118.60,0.19,1021.80,18.74,-109.85
170322_17571100,46.244131,20.157825,117.90,0.11,1021.81,18.73,-109.88
170322_17571200,46.244131,20.157828,117.30,0.06,1021.80,18.72,-109.85
170322_17571300,46.244130,20.157831,116.60,0.22,1021.80,18.72,-109.86
170322_17571400,46.244129,20.157832,116.00,0.28,1021.80,18.71,-109.84
170322_17571500,46.244129,20.157834,115.60,0.06,1021.80,18.70,-109.82
170322_17571600,46.244128,20.157834,115.10,0.09,1021.80,18.70,-109.85
170322_17571700,46.244127,20.157837,114.50,0.17,1021.80,18.69,-109.86
170322_17571800,46.244126,20.157838,114.00,0.07,1021.80,18.68,-109.86
170322_17571900,46.244126,20.157841,113.30,0.17,1021.81,18.68,-109.89
170322_17572000,46.244124,20.157842,112.70,0.11,1021.81,18.67,-109.89
170322_17572100,46.244123,20.157844,112.00,0.30,1021.81,18.67,-109.95
170322_17572200,46.244122,20.157845,111.50,0.11,1021.81,18.66,-109.93
170322_17572300,46.244121,20.157846,110.90,0.07,1021.81,18.65,-109.94
170322_17572400,46.244120,20.157847,110.30,0.06,1021.81,18.64,-109.94
170322_17572500,46.244119,20.157849,109.60,0.20,1021.82,18.63,-109.99
170322_17572600,46.244119,20.157854,108.40,0.11,1021.82,18.63,-109.99
170322_17572700,46.244119,20.157858,107.50,0.09,1021.82,18.62,-110.00
170322_17572800,46.244118,20.157859,107.10,0.00,1021.82,18.61,-110.01
170322_17572900,46.244118,20.157859,107.00,0.11,1021.82,18.60,-109.98
170322_17573000,46.244118,20.157858,107.00,0.15,1021.82,18.59,-109.99
170322_17573100,46.244118,20.157857,107.00,0.13,1021.82,18.58,-110.00
170322_17573200,46.244117,20.157856,107.10,0.19,1021.82,18.57,-109.98
170322_17573300,46.244118,20.157856,107.20,0.20,1021.82,18.56,-109.98
170322_17573400,46.244119,20.157856,107.20,0.15,1021.82,18.55,-109.99
170322_17573500,46.244119,20.157856,107.40,0.04,1021.82,18.54,-109.99
170322_17573600,46.244119,20.157856,107.80,0.22,1021.82,18.53,-110.01
170322_17573700,46.244118,20.157854,108.20,0.57,1021.82,18.52,-110.02
170322_17573800,46.244118,20.157851,108.50,2.33,1021.82,18.51,-109.98
170322_17573900,46.244118,20.157859,108.80,1.87,1021.81,18.49,-109.94
170322_17574000,46.244124,20.157868,108.70,1.46,1021.81,18.48,-109.93
170322_17574100,46.244128,20.157870,108.60,0.74,1021.81,18.47,-109.91
170322_17574200,46.244140,20.157879,108.30,4.32,1021.80,18.45,-109.84
170322_17574300,46.244158,20.157913,107.90,3.59,1021.79,18.44,-109.78
170322_17574400,46.244172,20.157941,107.90,1.94,1021.80,18.43,-109.80
170322_17574500,46.244181,20.157962,105.50,1.56,1021.79,18.42,-109.78
170322_17574600,46.244189,20.157974,104.50,1.31,1021.79,18.41,-109.78
170322_17574700,46.244198,20.157989,103.70,1.39,1021.79,18.40,-109.76
170322_17574800,46.244206,20.158004,103.10,0.02,1021.79,18.39,-109.76
170322_17574900,46.244212,20.158015,102.40,0.06,1021.79,18.38,-109.77
170322_17575000,46.244217,20.158023,102.20,0.13,1021.79,18.37,-109.73
170322_17575100,46.244221,20.158030,102.20,0.28,1021.78,18.36,-109.70
170322_17575200,46.244223,20.158040,101.10,2.72,1021.79,18.34,-109.72
170322_17575300,46.244228,20.158052,101.10,3.56,1021.78,18.33,-109.70
170322_17575400,46.244235,20.158067,101.10,4.61,1021.78,18.32,-109.69
170322_17575500,46.244244,20.158082,101.10,3.57,1021.79,18.32,-109.72
170322_17575600,46.244250,20.158093,101.10,3.44,1021.79,18.30,-109.72
170322_17575700,46.244259,20.158102,101.10,4.33,1021.79,18.30,-109.74
170322_17575800,46.244271,20.158108,101.10,5.22,1021.79,18.29,-109.71
170322_17575900,46.244282,20.158112,101.10,4.63,1021.79,18.28,-109.75
170322_17580000,46.244293,20.158117,97.80,4.39,1021.79,18.26,-109.75
170322_17580100,46.244304,20.158122,97.80,4.50,1021.79,18.26,-109.75
170322_17580200,46.244316,20.158127,97.80,4.52,1021.79,18.25,-109.75
170322_17580300,46.244328,20.158136,97.80,4.39,1021.79,18.24,-109.76
170322_17580400,46.244337,20.158141,97.40,4.02,1021.79,18.23,-109.76
170322_17580500,46.244348,20.158147,97.40,4.65,1021.80,18.22,-109.79
170322_17580600,46.244358,20.158154,96.90,4.09,1021.79,18.21,-109.78
170322_17580700,46.244365,20.158161,96.90,4.17,1021.79,18.19,-109.78
170322_17580800,46.244372,20.158168,97.20,4.41,1021.79,18.18,-109.77
170322_17580900,46.244381,20.158177,97.20,4.07,1021.80,18.17,-109.79
170322_17581000,46.244391,20.158182,97.60,4.32,1021.79,18.16,-109.78
170322_17581100,46.244402,20.158185,97.60,4.67,1021.79,18.15,-109.77
170322_17581200,46.244413,20.158189,97.70,4.70,1021.79,18.14,-109.76
170322_17581300,46.244420,20.158192,97.70,3.35,1021.79,18.13,-109.76
170322_17581400,46.244428,20.158195,98.50,3.74,1021.80,18.12,-109.79
170322_17581500,46.244436,20.158198,98.50,3.44,1021.80,18.10,-109.80
170322_17581600,46.244443,20.158203,98.90,3.65,1021.80,18.09,-109.82
170322_17581700,46.244451,20.158209,98.90,3.67,1021.79,18.08,-109.77
170322_17581800,46.244459,20.158214,99.80,3.78,1021.79,18.07,-109.74
170322_17581900,46.244468,20.158218,99.80,3.82,1021.79,18.06,-109.77
170322_17582000,46.244479,20.158223,99.90,4.82,1021.79,18.04,-109.71
170322_17582100,46.244488,20.158228,99.90,4.06,1021.79,18.03,-109.73
170322_17582200,46.244492,20.158238,101.60,3.28,1021.79,18.02,-109.73
170322_17582300,46.244502,20.158247,101.60,3.63,1021.79,18.01,-109.76
170322_17582400,46.244508,20.158254,101.60,3.37,1021.79,18.00,-109.77
170322_17582500,46.244520,20.158259,101.60,4.54,1021.79,17.98,-109.76
170322_17582600,46.244528,20.158265,102.00,3.61,1021.79,17.97,-109.78
170322_17582700,46.244535,20.158271,102.00,2.72,1021.79,17.96,-109.76
170322_17582800,46.244544,20.158274,102.60,3.52,1021.79,17.95,-109.76
170322_17582900,46.244552,20.158273,102.60,2.50,1021.79,17.93,-109.75
170322_17583000,46.244558,20.158279,103.10,3.07,1021.79,17.92,-109.77
170322_17583100,46.244572,20.158281,103.10,4.04,1021.80,17.91,-109.80
170322_17583200,46.244583,20.158279,103.10,3.76,1021.79,17.90,-109.76
170322_17583300,46.244595,20.158278,103.10,4.00,1021.79,17.89,-109.77
170322_17583400,46.244604,20.158278,103.50,2.39,1021.80,17.88,-109.81
170322_17583500,46.244614,20.158284,103.50,4.82,1021.79,17.86,-109.78
170322_17583600,46.244626,20.158294,103.50,5.35,1021.79,17.85,-109.73
170322_17583700,46.244642,20.158300,103.50,5.52,1021.79,17.83,-109.71
170322_17583800,46.244659,20.158308,103.50,5.28,1021.79,17.82,-109.74
170322_17583900,46.244669,20.158316,103.50,4.30,1021.78,17.81,-109.70
170322_17584000,46.244682,20.158323,103.50,4.83,1021.79,17.80,-109.70
170322_17584100,46.244695,20.158328,103.50,4.91,1021.78,17.79,-109.69
170322_17584200,46.244704,20.158333,103.50,3.46,1021.78,17.77,-109.66
170322_17584300,46.244713,20.158339,103.50,3.48,1021.78,17.76,-109.67
170322_17584400,46.244724,20.158343,103.50,4.87,1021.78,17.74,-109.62
170322_17584500,46.244737,20.158352,103.50,5.15,1021.78,17.73,-109.62
170322_17584600,46.244749,20.158358,103.50,4.04,1021.77,17.72,-109.61
170322_17584700,46.244760,20.158363,103.50,3.93,1021.77,17.70,-109.58
170322_17584800,46.244772,20.158366,103.50,3.69,1021.77,17.69,-109.58
170322_17584900,46.244783,20.158373,103.50,4.17,1021.77,17.68,-109.58
170322_17585000,46.244796,20.158380,103.50,4.48,1021.76,17.66,-109.51
170322_17585100,46.244807,20.158384,103.50,3.63,1021.76,17.65,-109.50
170322_17585200,46.244820,20.158386,103.50,4.48,1021.76,17.63,-109.47
170322_17585300,46.244833,20.158390,103.50,4.50,1021.76,17.61,-109.47
170322_17585400,46.244845,20.158396,103.50,4.78,1021.75,17.60,-109.45
170322_17585500,46.244858,20.158400,103.50,4.41,1021.75,17.58,-109.44
170322_17585600,46.244867,20.158401,103.50,3.11,1021.75,17.57,-109.40
170322_17585700,46.244877,20.158403,103.50,3.98,1021.75,17.55,-109.42
170322_17585800,46.244887,20.158407,103.50,4.41,1021.74,17.54,-109.37
170322_17585900,46.244901,20.158409,103.50,4.93,1021.74,17.52,-109.37
170322_17590000,46.244914,20.158414,103.50,4.44,1021.74,17.51,-109.32
170322_17590100,46.244925,20.158417,103.50,4.07,1021.74,17.49,-109.31
170322_17590200,46.244937,20.158421,103.50,4.13,1021.74,17.48,-109.32
170322_17590300,46.244949,20.158425,103.50,4.30,1021.74,17.46,-109.31
170322_17590400,46.244960,20.158428,103.50,4.33,1021.74,17.45,-109.30
170322_17590500,46.244972,20.158432,103.50,4.22,1021.74,17.43,-109.34
170322_17590600,46.244987,20.158438,103.50,5.30,1021.74,17.42,-109.36
170322_17590700,46.244998,20.158441,103.50,4.85,1021.75,17.40,-109.41
170322_17590800,46.245010,20.158441,103.50,5.20,1021.75,17.38,-109.44
170322_17590900,46.245019,20.158435,103.50,4.57,1021.76,17.37,-109.48
170322_17591000,46.245028,20.158426,103.50,4.22,1021.76,17.35,-109.49
170322_17591100,46.245038,20.158421,103.50,4.69,1021.76,17.34,-109.51
170322_17591200,46.245049,20.158405,103.50,4.70,1021.76,17.33,-109.52
170322_17591300,46.245059,20.158388,103.50,4.44,1021.77,17.31,-109.55
170322_17591400,46.245066,20.158374,103.50,5.04,1021.77,17.29,-109.54
170322_17591500,46.245072,20.158358,103.50,4.70,1021.77,17.28,-109.55
170322_17591600,46.245077,20.158345,103.50,4.28,1021.77,17.26,-109.54
170322_17591700,46.245083,20.158329,103.50,4.85,1021.76,17.25,-109.53
170322_17591800,46.245089,20.158317,103.50,4.50,1021.77,17.23,-109.54
170322_17591900,46.245095,20.158304,103.50,4.89,1021.77,17.22,-109.54
170322_17592000,46.245103,20.158290,103.50,4.98,1021.77,17.21,-109.57
170322_17592100,46.245110,20.158276,103.50,3.93,1021.77,17.19,-109.56
170322_17592200,46.245116,20.158268,103.50,2.80,1021.77,17.17,-109.58
170322_17592300,46.245121,20.158263,103.50,2.04,1021.77,17.15,-109.61
170322_17592400,46.245123,20.158256,103.50,1.98,1021.77,17.13,-109.61
170322_17592500,46.245123,20.158255,103.50,0.61,1021.77,17.12,-109.60
170322_17592600,46.245129,20.158236,103.50,4.65,1021.77,17.10,-109.61
170322_17592700,46.245135,20.158220,103.50,4.37,1021.78,17.08,-109.62
170322_17592800,46.245143,20.158204,103.50,4.83,1021.77,17.06,-109.59
170322_17592900,46.245147,20.158192,103.50,2.76,1021.77,17.03,-109.59
170322_17593000,46.245148,20.158189,96.50,1.09,1021.77,17.01,-109.56
170322_17593100,46.245149,20.158184,96.50,1.28,1021.77,16.99,-109.54
170322_17593200,46.245149,20.158176,96.50,0.81,1021.76,16.97,-109.53
170322_17593300,46.245150,20.158169,96.50,0.98,1021.76,16.95,-109.50
170322_17593400,46.245153,20.158159,96.50,0.76,1021.76,16.93,-109.50
170322_17593500,46.245154,20.158154,96.50,2.56,1021.76,16.92,-109.46
170322_17593600,46.245153,20.158141,96.50,2.20,1021.76,16.90,-109.48
170322_17593700,46.245156,20.158123,96.50,2.82,1021.75,16.87,-109.40
170322_17593800,46.245159,20.158108,96.50,2.26,1021.74,16.86,-109.36
170322_17593900,46.245165,20.158095,96.50,1.85,1021.74,16.84,-109.32
170322_17594000,46.245173,20.158070,96.50,2.28,1021.73,16.82,-109.27
170322_17594100,46.245173,20.158053,96.50,2.44,1021.73,16.81,-109.23
170322_17594200,46.245172,20.158034,96.50,2.15,1021.73,16.79,-109.21
170322_17594200,46.245172,20.158034,96.50,2.15,1021.72,16.77,-109.16
170322_17594400,46.245162,20.158012,96.50,4.28,1021.71,16.75,-109.10
170322_17594500,46.245162,20.157982,96.50,2.78,1021.71,16.73,-109.08
170322_17594600,46.245164,20.157957,96.50,1.87,1021.71,16.71,-109.05
170322_17594700,46.245160,20.157944,96.50,3.02,1021.70,16.69,-109.01
170322_17594800,46.245156,20.157937,96.50,3.87,1021.70,16.68,-109.03
170322_17594900,46.245145,20.157928,96.50,5.39,1021.70,16.66,-108.99
170322_17595000,46.245142,20.157913,96.50,4.17,1021.69,16.64,-108.94
170322_17595100,46.245138,20.157910,96.50,2.43,1021.69,16.62,-108.91
170322_17595200,46.245139,20.157909,96.50,1.57,1021.68,16.60,-108.87
170322_17595300,46.245139,20.157907,96.50,0.63,1021.68,16.58,-108.87
170322_17595400,46.245138,20.157906,96.50,2.46,1021.68,16.57,-108.86
170322_17595500,46.245131,20.157903,96.50,3.09,1021.68,16.55,-108.85
170322_17595600,46.245126,20.157910,96.50,2.06,1021.67,16.54,-108.79
170322_17595700,46.245126,20.157906,96.50,0.43,1021.67,16.53,-108.77
170322_17595800,46.245114,20.157904,96.50,4.52,1021.67,16.51,-108.72
170322_17595900,46.245112,20.157892,96.50,3.39,1021.67,16.49,-108.72
170322_18000000,46.245123,20.157901,96.50,1.35,1021.66,16.47,-108.65
170322_18000100,46.245130,20.157908,96.50,2.57,1021.66,16.46,-108.64
170322_18000200,46.245135,20.157926,96.50,4.20,1021.66,16.45,-108.67
170322_18000300,46.245165,20.157936,96.50,6.89,1021.66,16.43,-108.68
170322_18000400,46.245179,20.157951,96.50,6.89,1021.66,16.42,-108.65
170322_18000500,46.245193,20.157965,96.50,6.89,1021.66,16.41,-108.65
170322_18000700,46.245193,20.157965,96.50,6.89,1021.66,16.40,-108.65
170322_18000800,46.245193,20.157965,96.50,6.89,1021.65,16.38,-108.59
170322_18000900,46.245195,20.157999,96.50,2.04,1021.65,16.37,-108.59
170322_18000900,46.245195,20.157999,99.50,2.04,1021.65,16.35,-108.61
170322_18001000,46.245205,20.157968,99.60,1.43,1021.65,16.34,-108.60
170322_18001100,46.245216,20.157931,99.70,2.89,1021.65,16.32,-108.57
170322_18001200,46.245160,20.158083,100.20,8.33,1021.65,16.31,-108.58
170322_18001300,46.245132,20.158116,95.60,8.82,1021.64,16.29,-108.54
170322_18001400,46.245121,20.158144,95.60,8.82,1021.65,16.27,-108.57
170322_18001500,46.245029,20.158248,95.80,14.48,1021.64,16.26,-108.54
170322_18001600,46.245002,20.158284,95.80,14.48,1021.64,16.24,-108.50
170322_18001800,46.244940,20.158412,95.80,19.93,1021.64,16.23,-108.53
170322_18001900,46.244940,20.158412,95.80,19.93,1021.64,16.22,-108.51
170322_18002000,46.244993,20.158407,95.80,17.09,1021.65,16.20,-108.55
170322_18002100,46.244993,20.158407,97.50,17.09,1021.64,16.19,-108.49
170322_18002200,46.244993,20.158407,97.50,17.09,1021.64,16.17,-108.48
170322_18002300,46.244993,20.158407,97.50,17.09,1021.64,16.15,-108.49
170322_18002400,46.244993,20.158407,97.50,17.09,1021.64,16.13,-108.52
170322_18002500,46.244596,20.158271,97.50,23.34,1021.64,16.11,-108.51
170322_18002500,46.244596,20.158271,97.60,23.34,1021.64,16.10,-108.50
170322_18002600,46.244458,20.158052,97.60,28.00,1021.64,16.08,-108.46
170322_18002700,46.244369,20.157923,97.60,27.91,1021.63,16.06,-108.44
170322_18002800,46.244325,20.157863,97.60,25.97,1021.63,16.05,-108.45
170322_18002900,46.244243,20.157795,97.60,27.28,1021.63,16.02,-108.43
170322_18003000,46.244177,20.157757,97.60,27.17,1021.63,16.00,-108.41
170322_18003100,46.244102,20.157725,97.60,27.30,1021.64,15.99,-108.46
170322_18003200,46.244056,20.157732,97.60,26.24,1021.63,15.97,-108.45
170322_18003400,46.244280,20.157605,97.60,22.72,1021.63,15.95,-108.45
170322_18003500,46.244212,20.157669,97.60,21.59,1021.63,15.93,-108.45
170322_18003600,46.244212,20.157669,98.50,21.59,1021.63,15.92,-108.43
170322_18003700,46.244212,20.157669,98.50,21.59,1021.64,15.90,-108.47
170322_18003800,46.244212,20.157669,98.50,21.59,1021.64,15.87,-108.47
170322_18003900,46.244212,20.157669,98.50,21.59,1021.64,15.86,-108.49
170322_18004000,46.244212,20.157669,98.50,21.59,1021.64,15.84,-108.50
170322_18004100,46.244212,20.157669,98.50,21.59,1021.64,15.82,-108.52
170322_18004200,46.244212,20.157669,98.50,21.59,1021.65,15.80,-108.55
170322_18004300,46.244212,20.157669,98.50,21.59,1021.64,15.79,-108.53
170322_18004400,46.244212,20.157669,98.50,21.59,1021.65,15.77,-108.60
170322_18004500,46.244212,20.157669,98.50,21.59,1021.66,15.75,-108.62
170322_18004600,46.244212,20.157669,98.50,21.59,1021.66,15.73,-108.68
170322_18004700,46.244212,20.157669,98.50,21.59,1021.66,15.72,-108.70
170322_18004800,46.244212,20.157669,98.50,21.59,1021.67,15.70,-108.77
170322_18004900,46.244212,20.157669,98.50,21.59,1021.68,15.68,-108.81
170322_18005000,46.245288,20.157809,98.50,5.09,1021.68,15.66,-108.86
170322_18005100,46.245281,20.157791,111.30,2.24,1021.69,15.64,-108.88
170322_18005100,46.245281,20.157791,112.60,2.24,1021.69,15.62,-108.90
170322_18005200,46.245258,20.157804,112.60,3.89,1021.68,15.59,-108.87
170322_18005400,46.245207,20.157812,113.60,3.54,1021.69,15.58,-108.92
170322_18005500,46.245180,20.157765,111.30,3.19,1021.69,15.56,-108.93
170322_18005500,46.245180,20.157765,108.30,3.19,1021.70,15.54,-108.97
170322_18005600,46.245151,20.157755,105.80,2.50,1021.70,15.53,-108.99
170322_18005700,46.245136,20.157740,103.80,2.44,1021.70,15.51,-108.98
170322_18005900,46.245104,20.157743,102.60,2.20,1021.70,15.50,-108.97
170322_18010000,46.245089,20.157752,102.00,2.37,1021.70,15.48,-108.98
170322_18010100,46.245080,20.157748,101.00,1.94,1021.69,15.46,-108.95
170322_18010100,46.245080,20.157748,100.30,1.94,1021.70,15.45,-108.97
170322_18010200,46.245070,20.157753,99.90,2.11,1021.70,15.44,-108.97
170322_18010300,46.245053,20.157758,99.90,3.46,1021.70,15.42,-108.97
170322_18010500,46.245015,20.157738,99.90,3.50,1021.70,15.41,-108.97
170322_18010600,46.245006,20.157721,94.00,3.11,1021.70,15.40,-109.00
170322_18010700,46.244996,20.157716,93.00,3.80,1021.70,15.39,-109.03
170322_18010800,46.244982,20.157719,93.00,3.85,1021.70,15.37,-109.00
170322_18010800,46.244982,20.157719,92.30,3.85,1021.70,15.35,-109.03
170322_18010900,46.244970,20.157716,91.70,3.98,1021.71,15.34,-109.07
170322_18011000,46.244962,20.157713,90.80,3.80,1021.71,15.32,-109.08
170322_18011100,46.244948,20.157719,90.80,3.44,1021.71,15.31,-109.08
170322_18011200,46.244932,20.157732,90.80,3.65,1021.71,15.29,-109.07
170322_18011300,46.244920,20.157739,90.80,3.41,1021.71,15.28,-109.10
170322_18011400,46.244908,20.157742,90.80,3.54,1021.72,15.25,-109.14
170322_18011500,46.244900,20.157739,90.80,3.65,1021.72,15.23,-109.17
170322_18011600,46.244890,20.157739,90.80,3.61,1021.72,15.22,-109.14
170322_18011700,46.244887,20.157740,90.80,2.11,1021.72,15.20,-109.15
170322_18011800,46.244888,20.157733,90.80,1.93,1021.71,15.18,-109.10
170322_18011900,46.244885,20.157722,90.80,2.33,1021.71,15.16,-109.09
170322_18012000,46.244882,20.157717,90.80,2.11,1021.71,15.15,-109.07
170322_18012100,46.244873,20.157708,90.80,3.35,1021.72,15.13,-109.12
170322_18012200,46.244862,20.157707,90.80,3.57,1021.71,15.11,-109.12
170322_18012300,46.244856,20.157701,90.80,3.06,1021.71,15.09,-109.10
170322_18012400,46.244849,20.157694,90.80,3.17,1021.71,15.08,-109.06
170322_18012500,46.244845,20.157690,90.80,2.17,1021.71,15.06,-109.05
170322_18012600,46.244845,20.157688,90.80,0.91,1021.71,15.05,-109.05
170322_18012700,46.244844,20.157689,90.80,0.35,1021.70,15.03,-109.03
170322_18012800,46.244836,20.157688,90.80,1.65,1021.71,15.01,-109.05
170322_18012900,46.244829,20.157679,90.80,2.89,1021.70,14.99,-109.03
170322_18013000,46.244821,20.157680,90.80,2.80,1021.71,14.97,-109.06
170322_18013100,46.244809,20.157683,90.80,3.57,1021.72,14.96,-109.12
170322_18013200,46.244797,20.157684,90.80,3.87,1021.72,14.94,-109.15
170322_18013300,46.244791,20.157677,90.80,2.96,1021.72,14.92,-109.18
170322_18013400,46.244782,20.157681,90.80,2.50,1021.72,14.90,-109.18
170322_18013500,46.244775,20.157687,90.80,1.56,1021.72,14.89,-109.18
170322_18013600,46.244764,20.157692,90.80,3.30,1021.72,14.88,-109.19
170322_18013700,46.244756,20.157687,90.80,4.09,1021.73,14.85,-109.22
170322_18013800,46.244745,20.157687,90.80,4.17,1021.72,14.84,-109.18
170322_18013900,46.244736,20.157684,90.80,3.87,1021.72,14.82,-109.15
170322_18014100,46.244713,20.157683,90.80,3.65,1021.71,14.81,-109.09
170322_18014200,46.244704,20.157678,90.80,3.43,1021.71,14.79,-109.08
170322_18014300,46.244698,20.157676,90.80,2.85,1021.71,14.78,-109.08
170322_18014400,46.244687,20.157675,90.80,3.13,1021.70,14.77,-109.03
170322_18014500,46.244677,20.157670,90.80,3.67,1021.71,14.76,-109.06
170322_18014600,46.244662,20.157656,90.80,4.87,1021.71,14.74,-109.04
170322_18014700,46.244643,20.157645,90.80,6.11,1021.70,14.72,-109.01
170322_18014800,46.244642,20.157580,90.80,7.56,1021.70,14.71,-109.01
170322_18014900,46.244642,20.157553,90.80,6.96,1021.70,14.70,-109.02
170322_18015000,46.244668,20.157536,90.80,4.39,1021.71,14.68,-109.06
170322_18015100,46.244672,20.157522,90.80,3.82,1021.71,14.67,-109.10
170322_18015200,46.244663,20.157515,90.80,3.94,1021.71,14.66,-109.11
170322_18015300,46.244661,20.157514,90.80,3.13,1021.72,14.64,-109.15
170322_18015400,46.244655,20.157523,90.80,3.48,1021.72,14.63,-109.14
170322_18015400,46.244655,20.157523,90.80,3.48,1021.72,14.62,-109.13
170322_18015600,46.244635,20.157529,90.80,4.06,1021.72,14.60,-109.15
170322_18015700,46.244626,20.157522,90.80,3.72,1021.71,14.59,-109.12
170322_18015800,46.244619,20.157522,90.80,3.30,1021.72,14.58,-109.13
170322_18015900,46.244612,20.157523,90.80,4.02,1021.72,14.56,-109.15
170322_18020000,46.244606,20.157523,90.80,3.59,1021.71,14.55,-109.12
170322_18020000,46.244606,20.157523,90.80,3.59,1021.72,14.53,-109.13
170322_18020100,46.244598,20.157522,90.80,3.74,1021.72,14.52,-109.16
170322_18020300,46.244580,20.157518,90.80,3.56,1021.72,14.50,-109.15
170322_18020400,46.244573,20.157520,90.80,3.15,1021.72,14.49,-109.17
170322_18020500,46.244570,20.157508,90.80,2.63,1021.73,14.48,-109.22
170322_18020600,46.244569,20.157501,90.80,1.63,1021.73,14.47,-109.26
170322_18020700,46.244569,20.157500,90.80,1.54,1021.73,14.45,-109.22
170322_18020800,46.244569,20.157496,90.80,1.41,1021.72,14.44,-109.20
170322_18020900,46.244565,20.157496,90.80,1.91,1021.73,14.42,-109.27
170322_18021000,46.244556,20.157497,90.80,2.59,1021.73,14.40,-109.27
170322_18021100,46.244535,20.157488,90.80,4.39,1021.74,14.38,-109.29
170322_18021200,46.244529,20.157485,90.80,4.22,1021.74,14.37,-109.29
170322_18021300,46.244518,20.157485,90.80,4.56,1021.74,14.35,-109.33
170322_18021400,46.244518,20.157487,90.80,3.70,1021.74,14.34,-109.33
170322_18021500,46.244523,20.157484,90.80,2.43,1021.74,14.33,-109.36
170322_18021600,46.244526,20.157483,90.80,1.80,1021.74,14.31,-109.37
170322_18021700,46.244529,20.157476,90.80,1.35,1021.75,14.29,-109.38
170322_18021800,46.244532,20.157468,90.80,1.22,1021.75,14.28,-109.40
170322_18021900,46.244533,20.157458,90.80,1.17,1021.75,14.27,-109.43
170322_18022000,46.244533,20.157458,90.80,1.17,1021.75,14.26,-109.43
170322_18022100,46.244533,20.157458,90.80,1.17,1021.75,14.25,-109.41
170322_18022200,46.244533,20.157458,90.80,1.17,1021.75,14.23,-109.41
170322_18022300,46.244533,20.157458,90.80,1.17,1021.75,14.22,-109.39
170322_18022400,46.244533,20.157458,90.80,1.17,1021.75,14.20,-109.41
170322_18022500,46.244493,20.157388,90.80,4.32,1021.75,14.19,-109.41
170322_18022600,46.244485,20.157382,80.80,4.33,1021.75,14.18,-109.38
170322_18022700,46.244473,20.157369,80.80,4.65,1021.74,14.17,-109.34
170322_18022800,46.244473,20.157369,80.80,4.65,1021.74,14.16,-109.32
170322_18022900,46.244448,20.157346,80.80,4.33,1021.74,14.14,-109.31
170322_18023000,46.244443,20.157337,80.90,3.72,1021.74,14.13,-109.30
170322_18023100,46.244433,20.157325,80.90,4.13,1021.73,14.12,-109.28
170322_18023200,46.244421,20.157312,80.90,4.80,1021.73,14.10,-109.28
170322_18023300,46.244409,20.157304,80.90,4.69,1021.73,14.09,-109.26
170322_18023400,46.244403,20.157307,80.90,3.59,1021.74,14.08,-109.30
170322_18023500,46.244401,20.157305,80.90,1.15,1021.74,14.07,-109.33
170322_18023600,46.244399,20.157303,80.90,0.63,1021.74,14.06,-109.34
170322_18023700,46.244402,20.157296,80.90,0.96,1021.74,14.05,-109.37
170322_18023800,46.244410,20.157287,80.90,1.96,1021.75,14.04,-109.43
170322_18023900,46.244417,20.157275,80.90,2.44,1021.76,14.02,-109.46
170322_18024000,46.244425,20.157254,80.90,3.07,1021.75,14.00,-109.44
170322_18024100,46.244427,20.157245,80.90,2.67,1021.76,13.99,-109.51
170322_18024200,46.244428,20.157228,80.90,2.52,1021.76,13.97,-109.50
170322_18024300,46.244434,20.157220,80.90,2.39,1021.76,13.96,-109.53
170322_18024400,46.244429,20.157222,80.90,1.24,1021.77,13.95,-109.55
170322_18024500,46.244417,20.157246,80.90,1.89,1021.77,13.93,-109.55
170322_18024600,46.244408,20.157266,80.90,1.93,1021.77,13.91,-109.59
170322_18024700,46.244406,20.157271,80.90,2.07,1021.77,13.88,-109.59
170322_18024800,46.244399,20.157280,80.90,2.52,1021.78,13.87,-109.63
170322_18024900,46.244388,20.157281,80.90,3.39,1021.77,13.85,-109.61
170322_18025000,46.244388,20.157283,80.90,2.74,1021.78,13.83,-109.65
170322_18025100,46.244380,20.157267,80.90,3.74,1021.78,13.82,-109.66
170322_18025200,46.244372,20.157280,80.90,2.74,1021.78,13.80,-109.66
170322_18025300,46.244363,20.157294,80.90,2.76,1021.79,13.79,-109.72
170322_18025400,46.244354,20.157297,80.90,2.85,1021.79,13.78,-109.75
170322_18025500,46.244347,20.157300,80.90,2.93,1021.79,13.76,-109.75
170322_18025600,46.244345,20.157292,80.90,2.26,1021.79,13.74,-109.74
170322_18025700,46.244340,20.157292,80.90,1.96,1021.79,13.73,-109.78
170322_18025800,46.244333,20.157303,80.90,1.43,1021.79,13.72,-109.77
170322_18025900,46.244326,20.157305,80.90,2.41,1021.80,13.71,-109.82
170322_18030000,46.244322,20.157304,80.90,1.20,1021.79,13.70,-109.77
170322_18030100,46.244318,20.157307,80.90,0.69,1021.80,13.69,-109.79
170322_18030200,46.244320,20.157304,80.90,0.17,1021.79,13.67,-109.76
170322_18030300,46.244318,20.157309,80.90,0.85,1021.79,13.65,-109.71
170322_18030400,46.244318,20.157307,80.90,0.91,1021.79,13.64,-109.73
170322_18030500,46.244317,20.157305,80.90,1.63,1021.79,13.63,-109.74
170322_18030600,46.244312,20.157301,80.90,2.85,1021.79,13.62,-109.76
170322_18030700,46.244299,20.157303,80.90,3.63,1021.80,13.61,-109.79
170322_18030800,46.244287,20.157309,80.90,3.52,1021.80,13.59,-109.79
170322_18030900,46.244276,20.157313,80.90,3.76,1021.79,13.58,-109.77
170322_18031000,46.244265,20.157312,80.90,3.93,1021.80,13.56,-109.79
170322_18031100,46.244257,20.157312,80.90,3.46,1021.79,13.55,-109.78
170322_18031200,46.244247,20.157314,80.90,3.19,1021.79,13.54,-109.77
170322_18031300,46.244240,20.157309,80.90,3.37,1021.79,13.53,-109.77
170322_18031400,46.244228,20.157313,80.90,2.93,1021.80,13.52,-109.82
170322_18031500,46.244214,20.157323,80.90,2.70,1021.80,13.51,-109.85
170322_18031600,46.244207,20.157324,80.90,3.04,1021.81,13.50,-109.88
170322_18031700,46.244197,20.157330,80.90,3.70,1021.81,13.49,-109.90
170322_18031800,46.244183,20.157337,80.90,4.48,1021.81,13.47,-109.93
170322_18031900,46.244180,20.157339,80.90,2.56,1021.82,13.46,-109.97
170322_18032000,46.244169,20.157344,80.90,3.13,1021.82,13.45,-109.98
170322_18032100,46.244150,20.157356,80.90,4.02,1021.81,13.43,-109.95
170322_18032200,46.244139,20.157367,80.90,4.02,1021.82,13.42,-110.00
170322_18032300,46.244127,20.157377,80.90,4.07,1021.83,13.41,-110.03
170322_18032400,46.244116,20.157387,80.90,4.17,1021.83,13.40,-110.07
170322_18032500,46.244103,20.157393,80.90,4.43,1021.83,13.39,-110.08
170322_18032600,46.244093,20.157401,80.90,3.93,1021.84,13.37,-110.12
170322_18032700,46.244087,20.157415,80.90,3.22,1021.84,13.36,-110.12
170322_18032800,46.244081,20.157427,80.90,3.09,1021.84,13.34,-110.12
170322_18032900,46.244077,20.157436,80.90,2.57,1021.84,13.33,-110.12
170322_18033000,46.244079,20.157449,80.90,2.35,1021.84,13.32,-110.12
170322_18033100,46.244076,20.157463,80.90,2.61,1021.84,13.31,-110.14
170322_18033200,46.244074,20.157476,80.90,2.72,1021.84,13.30,-110.13
170322_18033300,46.244068,20.157487,80.90,3.33,1021.84,13.28,-110.20
170322_18033400,46.244063,20.157499,80.90,2.98,1021.84,13.26,-110.14
170322_18033500,46.244056,20.157504,80.90,2.57,1021.84,13.25,-110.15
170322_18033600,46.244050,20.157506,80.90,1.93,1021.84,13.23,-110.12
170322_18033700,46.244044,20.157509,80.90,2.28,1021.83,13.22,-110.10
170322_18033800,46.244038,20.157511,80.90,1.96,1021.84,13.20,-110.13
170322_18033900,46.244031,20.157510,80.90,2.35,1021.84,13.19,-110.15
170322_18034000,46.244025,20.157510,80.90,2.44,1021.85,13.17,-110.24
170322_18034100,46.244021,20.157510,80.90,1.78,1021.87,13.15,-110.40
170322_18034200,46.244016,20.157508,80.90,1.83,1021.88,13.14,-110.49
170322_18034300,46.244012,20.157510,80.90,1.26,1021.89,13.13,-110.58
170322_18034400,46.244006,20.157504,80.90,3.65,1021.90,13.11,-110.66
170322_18034500,46.243999,20.157501,80.90,2.57,1021.91,13.10,-110.73
170322_18034600,46.243993,20.157500,80.90,2.57,1021.92,13.09,-110.78
170322_18034700,46.243986,20.157496,80.90,3.00,1021.92,13.07,-110.85
170322_18034800,46.243981,20.157490,80.90,3.04,1021.93,13.06,-110.89
170322_18034900,46.243970,20.157483,80.90,5.11,1021.93,13.04,-110.94
170322_18035000,46.243961,20.157477,80.90,3.39,1021.94,13.03,-111.01
170322_18035100,46.243955,20.157473,80.90,2.56,1021.95,13.02,-111.06
170322_18035200,46.243948,20.157467,80.90,3.35,1021.95,13.01,-111.09
170322_18035300,46.243941,20.157456,80.90,4.07,1021.96,13.00,-111.12
170322_18035400,46.243936,20.157448,80.90,3.11,1021.96,12.99,-111.15
170322_18035500,46.243933,20.157439,80.90,2.56,1021.96,12.98,-111.18
170322_18035600,46.243928,20.157434,80.90,2.04,1021.97,12.97,-111.21
170322_18035700,46.243925,20.157427,80.90,1.83,1021.97,12.95,-111.19
170322_18035700,46.243925,20.157427,80.90,1.83,1021.97,12.94,-111.21
170322_18035900,46.243920,20.157424,80.90,0.17,1021.96,12.93,-111.18
170322_18040000,46.243914,20.157415,80.90,2.65,1021.96,12.92,-111.17
170322_18040100,46.243905,20.157406,80.90,3.98,1021.96,12.91,-111.16
170322_18040200,46.243898,20.157398,80.90,3.28,1021.96,12.90,-111.13
170322_18040300,46.243888,20.157393,80.90,3.46,1021.96,12.89,-111.11
170322_18040400,46.243880,20.157388,80.90,3.96,1021.95,12.88,-111.10
170322_18040500,46.243869,20.157385,80.90,4.33,1021.95,12.86,-111.05
170322_18040600,46.243858,20.157378,80.90,4.22,1021.94,12.85,-111.02
170322_18040700,46.243844,20.157373,80.90,3.98,1021.94,12.84,-111.02
170322_18040800,46.243834,20.157362,80.90,4.35,1021.95,12.83,-111.03
170322_18040900,46.243830,20.157348,80.90,3.17,1021.95,12.82,-111.04
170322_18041000,46.243823,20.157345,80.90,2.22,1021.94,12.81,-111.02
170322_18041100,46.243823,20.157342,80.90,0.65,1021.95,12.79,-111.05
170322_18041200,46.243817,20.157341,80.90,1.24,1021.95,12.78,-111.09
170322_18041300,46.243814,20.157328,80.90,3.59,1021.95,12.76,-111.10
170322_18041400,46.243813,20.157313,80.90,1.74,1021.95,12.75,-111.07
170322_18041500,46.243809,20.157306,80.90,1.70,1021.95,12.74,-111.07
170322_18041600,46.243802,20.157304,80.90,1.91,1021.95,12.73,-111.09
170322_18041700,46.243792,20.157295,80.90,3.57,1021.95,12.72,-111.11
170322_18041800,46.243782,20.157290,80.90,3.54,1021.96,12.71,-111.13
170322_18041900,46.243770,20.157286,80.90,3.52,1021.96,12.70,-111.15
170322_18042000,46.243760,20.157278,80.90,1.91,1021.96,12.69,-111.16
170322_18042100,46.243748,20.157277,80.90,4.33,1021.96,12.68,-111.18
170322_18042200,46.243740,20.157270,80.90,3.11,1021.96,12.67,-111.14
170322_18042300,46.243730,20.157267,80.90,3.41,1021.96,12.66,-111.13
170322_18042400,46.243722,20.157263,80.90,2.61,1021.96,12.65,-111.15
170322_18042500,46.243714,20.157260,80.90,2.20,1021.96,12.64,-111.19
170322_18042600,46.243704,20.157257,80.90,2.46,1021.96,12.63,-111.18
170322_18042700,46.243693,20.157256,80.90,3.74,1021.96,12.62,-111.18
170322_18042800,46.243684,20.157250,80.90,3.43,1021.96,12.61,-111.16
170322_18042900,46.243678,20.157247,80.90,2.31,1021.96,12.60,-111.16
170322_18043000,46.243676,20.157242,80.90,1.57,1021.96,12.59,-111.18
170322_18043100,46.243675,20.157238,80.90,1.26,1021.97,12.58,-111.20
170322_18043200,46.243677,20.157231,80.90,0.85,1021.97,12.57,-111.21
170322_18043300,46.243670,20.157218,80.90,3.28,1021.97,12.57,-111.25
170322_18043400,46.243663,20.157205,80.90,3.07,1021.97,12.56,-111.23
170322_18043500,46.243652,20.157197,80.90,6.13,1021.97,12.55,-111.22
170322_18043600,46.243646,20.157186,80.90,3.65,1021.97,12.53,-111.23
170322_18043700,46.243638,20.157179,80.90,1.00,1021.97,12.52,-111.24
170322_18043800,46.243638,20.157183,80.90,0.65,1021.98,12.52,-111.28
170322_18043900,46.243633,20.157182,80.90,2.06,1021.98,12.51,-111.30
170322_18044000,46.243627,20.157180,80.90,2.22,1021.98,12.50,-111.31
170322_18044100,46.243616,20.157174,80.90,4.17,1021.98,12.49,-111.28
170322_18044200,46.243608,20.157170,80.90,3.15,1021.97,12.48,-111.25
170322_18044300,46.243595,20.157165,80.90,4.43,1021.97,12.46,-111.25
170322_18044400,46.243583,20.157170,80.90,4.35,1021.97,12.45,-111.21
170322_18044500,46.243575,20.157176,80.90,2.24,1021.96,12.44,-111.16
170322_18044600,46.243564,20.157172,80.90,4.41,1021.96,12.43,-111.15
170322_18044700,46.243556,20.157169,80.90,2.33,1021.96,12.42,-111.15
170322_18044800,46.243542,20.157157,80.90,3.06,1021.96,12.41,-111.18
170322_18044900,46.243527,20.157143,80.90,3.28,1021.97,12.40,-111.19
170322_18045000,46.243511,20.157120,80.90,3.39,1021.97,12.39,-111.20
170322_18045100,46.243499,20.157118,80.90,3.43,1021.96,12.37,-111.17
170322_18045200,46.243496,20.157116,80.90,2.09,1021.96,12.36,-111.17
170322_18045300,46.243490,20.157110,80.90,2.48,1021.96,12.34,-111.16
170322_18045400,46.243477,20.157108,80.90,3.65,1021.96,12.33,-111.19
170322_18045500,46.243468,20.157104,80.90,3.69,1021.97,12.32,-111.20
170322_18045600,46.243458,20.157104,80.90,2.57,1021.97,12.31,-111.23
170322_18045700,46.243447,20.157100,80.90,3.61,1021.97,12.30,-111.21
170322_18045800,46.243436,20.157094,80.90,3.91,1021.96,12.28,-111.18
170322_18045900,46.243425,20.157096,80.90,3.50,1021.97,12.27,-111.23
170322_18050000,46.243415,20.157102,80.90,4.26,1021.97,12.25,-111.23
170322_18050100,46.243403,20.157097,80.90,5.15,1021.97,12.24,-111.20
170322_18050200,46.243403,20.157086,80.90,2.63,1021.97,12.23,-111.20
170322_18050300,46.243395,20.157080,80.90,3.04,1021.97,12.21,-111.20
170322_18050400,46.243388,20.157081,80.90,2.11,1021.97,12.20,-111.20
170322_18050500,46.243377,20.157080,80.90,3.94,1021.97,12.19,-111.19
170322_18050600,46.243373,20.157078,80.90,0.31,1021.97,12.18,-111.19
170322_18050700,46.243370,20.157071,80.90,2.33,1021.97,12.16,-111.20
170322_18050800,46.243360,20.157069,80.90,2.85,1021.96,12.15,-111.19
170322_18050900,46.243350,20.157066,80.90,3.09,1021.96,12.13,-111.18
170322_18051000,46.243344,20.157067,80.90,3.09,1021.96,12.12,-111.17
170322_18051100,46.243334,20.157058,80.90,4.32,1021.96,12.11,-111.18
170322_18051200,46.243325,20.157052,80.90,3.74,1021.97,12.10,-111.21
170322_18051300,46.243310,20.157050,80.90,3.61,1021.96,12.09,-111.19
170322_18051400,46.243305,20.157051,80.90,2.04,1021.97,12.08,-111.19
170322_18051500,46.243291,20.157046,80.90,5.93,1021.97,12.06,-111.20
170322_18051600,46.243275,20.157039,80.90,5.11,1021.96,12.05,-111.18
170322_18051700,46.243270,20.157035,80.90,1.52,1021.96,12.04,-111.18
170322_18051800,46.243259,20.157033,80.90,4.11,1021.97,12.03,-111.21
170322_18051900,46.243248,20.157032,80.90,4.20,1021.97,12.02,-111.20
170322_18052000,46.243241,20.157034,80.90,3.20,1021.96,12.01,-111.18
170322_18052100,46.243229,20.157020,80.90,5.09,1021.97,12.00,-111.20
170322_18052200,46.243225,20.157017,80.90,2.22,1021.96,11.98,-111.17
170322_18052300,46.243210,20.157016,80.90,3.94,1021.97,11.96,-111.20
170322_18052400,46.243211,20.157010,80.90,0.89,1021.97,11.95,-111.24
170322_18052500,46.243204,20.157010,80.90,0.37,1021.97,11.94,-111.22
170322_18052600,46.243207,20.156992,80.90,2.24,1021.97,11.93,-111.20
170322_18052700,46.243206,20.156972,80.90,4.54,1021.96,11.92,-111.16
170322_18052800,46.243204,20.156957,80.90,2.80,1021.95,11.91,-111.10
170322_18052900,46.243206,20.156935,80.90,2.80,1021.95,11.90,-111.09
170322_18053000,46.243206,20.156915,80.90,3.13,1021.95,11.88,-111.07
170322_18053100,46.243209,20.156895,80.90,2.20,1021.95,11.87,-111.06
170322_18053200,46.243223,20.156877,80.90,4.59,1021.94,11.86,-111.02
170322_18053300,46.243220,20.156864,80.90,1.46,1021.94,11.85,-110.98
170322_18053400,46.243224,20.156852,80.90,3.04,1021.93,11.84,-110.90
170322_18053500,46.243229,20.156830,80.90,3.37,1021.92,11.83,-110.85
170322_18053600,46.243224,20.156806,80.90,2.78,1021.91,11.82,-110.75
170322_18053700,46.243214,20.156775,80.90,4.57,1021.90,11.81,-110.68
170322_18053800,46.243208,20.156755,80.90,3.02,1021.90,11.80,-110.64
170322_18053900,46.243198,20.156744,80.90,0.85,1021.90,11.79,-110.63
170322_18054000,46.243184,20.156723,80.90,2.78,1021.90,11.79,-110.62
170322_18054100,46.243175,20.156698,80.90,1.44,1021.89,11.78,-110.57
170322_18054200,46.243179,20.156694,80.90,1.61,1021.89,11.77,-110.55
170322_18054300,46.243194,20.156683,80.90,3.61,1021.88,11.76,-110.46
170322_18054400,46.243204,20.156678,80.90,3.17,1021.87,11.75,-110.41
170322_18054500,46.243209,20.156679,80.90,2.70,1021.87,11.73,-110.38
170322_18054600,46.243208,20.156671,80.90,1.46,1021.86,11.72,-110.32
170322_18054700,46.243208,20.156657,80.90,1.87,1021.86,11.71,-110.28
170322_18054800,46.243205,20.156652,80.90,0.57,1021.86,11.70,-110.31
170322_18054900,46.243195,20.156633,80.90,3.44,1021.85,11.69,-110.27
170322_18055000,46.243191,20.156629,80.90,1.61,1021.85,11.69,-110.26
170322_18055100,46.243178,20.156605,80.90,3.35,1021.85,11.68,-110.24
170322_18055200,46.243166,20.156590,80.90,4.22,1021.85,11.67,-110.25
170322_18055300,46.243157,20.156576,80.90,4.74,1021.85,11.66,-110.28
170322_18055400,46.243148,20.156573,80.90,4.24,1021.86,11.65,-110.30
170322_18055500,46.243135,20.156568,80.90,3.85,1021.86,11.64,-110.34
170322_18055600,46.243130,20.156562,80.90,3.04,1021.87,11.63,-110.37
170322_18055700,46.243121,20.156559,80.90,2.76,1021.87,11.63,-110.38
170322_18055800,46.243117,20.156562,80.90,2.50,1021.87,11.62,-110.36
170322_18055900,46.243115,20.156575,80.90,3.19,1021.87,11.61,-110.41
170322_18060000,46.243114,20.156586,80.90,3.24,1021.87,11.60,-110.42
170322_18060100,46.243110,20.156592,80.90,2.35,1021.88,11.59,-110.45
170322_18060200,46.243110,20.156604,80.90,1.69,1021.88,11.58,-110.47
170322_18060300,46.243103,20.156610,80.90,1.35,1021.88,11.57,-110.49
170322_18060400,46.243100,20.156611,80.90,1.33,1021.88,11.56,-110.52
170322_18060500,46.243098,20.156620,80.90,1.76,1021.89,11.55,-110.58
170322_18060600,46.243099,20.156627,80.90,1.48,1021.90,11.54,-110.64
170322_18060700,46.243103,20.156641,80.90,1.96,1021.91,11.53,-110.71
170322_18060800,46.243104,20.156654,80.90,1.44,1021.92,11.52,-110.78
170322_18060900,46.243111,20.156667,80.90,1.13,1021.93,11.51,-110.86
170322_18061000,46.243114,20.156677,80.90,0.61,1021.93,11.50,-110.89
170322_18061100,46.243115,20.156688,80.90,0.13,1021.93,11.49,-110.91
170322_18061200,46.243121,20.156699,80.90,0.78,1021.94,11.48,-110.94
170322_18061300,46.243127,20.156707,80.90,1.80,1021.94,11.47,-110.98
170322_18061400,46.243134,20.156711,80.90,1.76,1021.94,11.46,-110.97
170322_18061500,46.243138,20.156719,80.90,1.80,1021.94,11.46,-111.00
170322_18061600,46.243143,20.156709,80.90,1.78,1021.94,11.45,-111.01
170322_18061700,46.243151,20.156715,80.90,1.67,1021.94,11.44,-111.01
170322_18061800,46.243152,20.156721,80.90,0.98,1021.94,11.43,-111.02
170322_18061900,46.243157,20.156727,80.90,1.20,1021.94,11.42,-111.02
170322_18062000,46.243163,20.156729,80.90,1.93,1021.95,11.41,-111.08
170322_18062100,46.243170,20.156730,80.90,1.72,1021.95,11.40,-111.11
170322_18062200,46.243174,20.156734,80.90,1.33,1021.95,11.39,-111.09
170322_18062300,46.243182,20.156734,80.90,1.59,1021.96,11.38,-111.15
170322_18062400,46.243184,20.156736,80.90,1.00,1021.96,11.38,-111.16
170322_18062500,46.243193,20.156734,80.90,1.94,1021.96,11.36,-111.15
170322_18062600,46.243199,20.156734,80.90,1.57,1021.96,11.36,-111.16
170322_18062700,46.243202,20.156743,80.90,1.20,1021.96,11.35,-111.17
170322_18062800,46.243200,20.156754,80.90,0.31,1021.96,11.34,-111.16
170322_18062900,46.243204,20.156768,80.90,1.04,1021.97,11.33,-111.21
170322_18063000,46.243208,20.156781,80.90,1.72,1021.97,11.32,-111.20
170322_18063100,46.243214,20.156785,80.90,1.52,1021.97,11.31,-111.23
170322_18063200,46.243214,20.156807,80.90,1.44,1021.97,11.30,-111.22
170322_18063300,46.243217,20.156810,80.90,0.39,1021.97,11.29,-111.25
170322_18063400,46.243220,20.156815,80.90,0.48,1021.97,11.29,-111.27
170322_18063500,46.243220,20.156828,80.90,0.17,1021.97,11.28,-111.25
170322_18063600,46.243223,20.156842,80.90,1.15,1021.97,11.27,-111.24
170322_18063700,46.243225,20.156859,80.90,1.70,1021.97,11.26,-111.23
170322_18063800,46.243226,20.156869,80.90,0.85,1021.97,11.25,-111.20
170322_18063900,46.243229,20.156873,80.90,0.89,1021.96,11.24,-111.18
170322_18064000,46.243233,20.156881,80.90,1.35,1021.96,11.23,-111.16
170322_18064100,46.243239,20.156889,80.90,1.96,1021.96,11.22,-111.14
170322_18064200,46.243242,20.156897,80.90,1.56,1021.96,11.21,-111.12
170322_18064300,46.243247,20.156904,80.90,1.78,1021.96,11.21,-111.12
170322_18064400,46.243249,20.156917,80.90,1.46,1021.96,11.20,-111.11
170322_18064500,46.243252,20.156922,80.90,1.35,1021.96,11.19,-111.12
170322_18064600,46.243258,20.156922,80.90,1.96,1021.95,11.18,-111.08
170322_18064700,46.243258,20.156926,80.90,1.06,1021.95,11.17,-111.09
170322_18064800,46.243249,20.156930,80.90,1.33,1021.95,11.16,-111.09
170322_18064900,46.243243,20.156937,80.90,1.78,1021.96,11.15,-111.12
170322_18065000,46.243237,20.156944,80.90,1.78,1021.96,11.14,-111.17
170322_18065100,46.243236,20.156939,96.90,1.80,1021.97,11.13,-111.20
170322_18065200,46.243233,20.156936,96.90,1.89,1021.97,11.12,-111.20
170322_18065300,46.243225,20.156939,96.90,2.48,1021.97,11.11,-111.23
170322_18065400,46.243225,20.156932,96.90,1.81,1021.97,11.10,-111.27
170322_18065500,46.243211,20.156954,96.90,3.39,1021.97,11.09,-111.26
170322_18065600,46.243204,20.156962,96.90,3.13,1021.98,11.08,-111.33
170322_18065700,46.243197,20.156970,96.90,2.93,1021.99,11.07,-111.37
170322_18065800,46.243189,20.156977,96.90,3.22,1021.99,11.07,-111.39
170322_18065900,46.243181,20.156982,96.60,2.72,1021.99,11.06,-111.41
170322_18070000,46.243174,20.156979,96.60,2.83,1022.00,11.05,-111.44
170322_18070100,46.243166,20.156977,96.40,3.15,1022.00,11.04,-111.48
170322_18070200,46.243163,20.156980,96.50,2.31,1022.00,11.03,-111.50
170322_18070300,46.243157,20.156978,96.50,2.44,1022.00,11.03,-111.51
170322_18070400,46.243157,20.156972,96.50,1.39,1022.00,11.01,-111.52
170322_18070500,46.243154,20.156969,96.50,1.22,1022.01,11.01,-111.54
170322_18070600,46.243147,20.156976,96.10,1.13,1022.00,11.00,-111.51
170322_18070700,46.243147,20.156975,96.10,0.67,1022.01,10.99,-111.54
170322_18070800,46.243145,20.156978,95.50,0.43,1022.01,10.98,-111.56
170322_18070900,46.243144,20.156981,95.50,0.13,1022.01,10.97,-111.60
170322_18071000,46.243146,20.156990,95.50,1.11,1022.01,10.96,-111.58
170322_18071100,46.243146,20.156999,95.50,1.31,1022.01,10.96,-111.59
170322_18071200,46.243143,20.157000,95.50,0.96,1022.01,10.94,-111.53
170322_18071300,46.243145,20.156996,95.50,0.37,1022.01,10.93,-111.53
170322_18071400,46.243136,20.157011,95.50,1.11,1022.01,10.92,-111.56
170322_18071500,46.243128,20.157024,95.50,1.24,1022.01,10.91,-111.58
170322_18071600,46.243123,20.157027,95.50,1.35,1022.02,10.91,-111.62
170322_18071700,46.243118,20.157033,95.50,1.26,1022.01,10.90,-111.60
170322_18071800,46.243115,20.157033,95.50,1.15,1022.01,10.89,-111.59
170322_18071900,46.243105,20.157040,95.50,1.78,1022.01,10.88,-111.57
170322_18072000,46.243096,20.157041,95.50,2.19,1022.01,10.87,-111.59
170322_18072100,46.243097,20.157034,95.50,1.35,1022.02,10.86,-111.61
170322_18072200,46.243095,20.157025,95.50,1.48,1022.02,10.86,-111.64
170322_18072300,46.243087,20.157012,95.50,2.35,1022.02,10.85,-111.67
170322_18072400,46.243079,20.157007,95.50,2.39,1022.02,10.84,-111.69
170322_18072500,46.243072,20.156998,95.50,3.09,1022.03,10.83,-111.76
170322_18072600,46.243065,20.156985,95.50,3.06,1022.04,10.83,-111.83
170322_18072700,46.243056,20.156971,95.50,3.35,1022.05,10.82,-111.87
170322_18072800,46.243051,20.156959,95.50,2.78,1022.05,10.80,-111.91
170322_18072900,46.243044,20.156938,95.50,3.59,1022.06,10.80,-111.99
170322_18073000,46.243036,20.156922,95.50,3.98,1022.07,10.79,-112.06
170322_18073100,46.243032,20.156895,95.50,3.32,1022.08,10.78,-112.11
170322_18073200,46.243029,20.156878,95.50,3.15,1022.08,10.78,-112.10
170322_18073300,46.243025,20.156859,95.50,3.22,1022.08,10.77,-112.12
170322_18073400,46.243023,20.156839,95.50,3.06,1022.08,10.76,-112.18
170322_18073500,46.243018,20.156821,95.50,3.80,1022.09,10.75,-112.24
170322_18073600,46.243020,20.156806,95.50,1.91,1022.10,10.74,-112.30
170322_18073700,46.243017,20.156789,95.50,3.13,1022.10,10.73,-112.34
170322_18073800,46.243018,20.156765,95.50,3.44,1022.11,10.73,-112.37
170322_18073900,46.243021,20.156741,95.50,3.91,1022.11,10.72,-112.41
170322_18074000,46.243024,20.156717,95.50,4.02,1022.12,10.71,-112.48
170322_18074100,46.243027,20.156701,95.50,3.52,1022.12,10.70,-112.50
170322_18074200,46.243031,20.156685,95.50,3.98,1022.13,10.69,-112.56
170322_18074300,46.243032,20.156670,95.50,3.35,1022.14,10.68,-112.62
170322_18074400,46.243037,20.156656,95.50,3.70,1022.15,10.67,-112.68
170322_18074500,46.243040,20.156646,95.50,3.09,1022.14,10.66,-112.68
170322_18074600,46.243047,20.156640,95.50,2.35,1022.15,10.65,-112.70
170322_18074700,46.243053,20.156628,95.50,3.02,1022.15,10.64,-112.71
170322_18074800,46.243061,20.156621,95.50,2.56,1022.15,10.63,-112.68
170322_18074900,46.243063,20.156615,95.50,2.04,1022.15,10.63,-112.71
170322_18075000,46.243065,20.156608,95.50,1.33,1022.15,10.62,-112.73
170322_18075100,46.243068,20.156600,95.50,2.13,1022.15,10.61,-112.73
170322_18075200,46.243074,20.156599,95.50,2.67,1022.15,10.60,-112.72
170322_18075300,46.243081,20.156603,95.50,2.56,1022.15,10.59,-112.73
170322_18075400,46.243085,20.156605,95.50,1.69,1022.15,10.58,-112.70
170322_18075500,46.243089,20.156606,95.50,1.70,1022.15,10.57,-112.68
170322_18075600,46.243097,20.156602,95.50,2.09,1022.14,10.57,-112.68
170322_18075700,46.243106,20.156590,95.50,2.69,1022.15,10.56,-112.73
170322_18075800,46.243119,20.156582,95.50,3.70,1022.15,10.55,-112.73
170322_18075900,46.243128,20.156572,95.50,2.82,1022.15,10.54,-112.72
170322_18080000,46.243137,20.156565,95.50,2.48,1022.14,10.53,-112.67
170322_18080100,46.243144,20.156565,95.50,2.17,1022.14,10.52,-112.66
170322_18080200,46.243156,20.156560,95.50,3.57,1022.14,10.51,-112.64
170322_18080300,46.243166,20.156559,95.50,2.83,1022.14,10.51,-112.66
170322_18080400,46.243172,20.156551,95.50,3.04,1022.15,10.50,-112.68
170322_18080500,46.243181,20.156543,95.50,2.48,1022.14,10.49,-112.68
170322_18080600,46.243198,20.156540,95.50,5.98,1022.14,10.49,-112.67
170322_18080700,46.243211,20.156548,95.50,5.30,1022.15,10.48,-112.69
170322_18080800,46.243220,20.156550,95.50,3.94,1022.15,10.47,-112.69
170322_18080900,46.243228,20.156551,95.50,2.52,1022.15,10.46,-112.70
170322_18081000,46.243237,20.156559,95.50,3.83,1022.14,10.46,-112.65
170322_18081100,46.243240,20.156559,95.50,2.65,1022.14,10.45,-112.63
170322_18081200,46.243244,20.156554,95.50,1.81,1022.14,10.44,-112.63
170322_18081300,46.243250,20.156558,95.50,3.07,1022.13,10.44,-112.57
170322_18081400,46.243251,20.156558,95.50,1.41,1022.13,10.43,-112.57
170322_18081500,46.243254,20.156562,95.50,2.15,1022.12,10.42,-112.50
170322_18081600,46.243254,20.156565,95.50,0.93,1022.11,10.41,-112.40
170322_18081700,46.243249,20.156566,95.50,2.65,1022.10,10.41,-112.31
170322_18081800,46.243249,20.156569,95.50,1.65,1022.09,10.40,-112.19
170322_18081900,46.243245,20.156568,95.50,2.07,1022.07,10.39,-112.06
170322_18082000,46.243242,20.156576,95.50,2.82,1022.06,10.38,-111.95
170322_18082100,46.243243,20.156569,95.50,1.04,1022.04,10.38,-111.85
170322_18082200,46.243244,20.156578,95.50,0.81,1022.03,10.37,-111.75
170322_18082300,46.243239,20.156581,95.50,1.11,1022.01,10.36,-111.57
170322_18082400,46.243232,20.156580,95.50,2.28,1022.00,10.35,-111.47
170322_18082500,46.243226,20.156585,95.50,4.13,1021.99,10.35,-111.40
170322_18082600,46.243216,20.156572,95.50,3.20,1021.99,10.34,-111.37
170322_18082700,46.243205,20.156570,95.50,4.37,1021.98,10.33,-111.31
170322_18082800,46.243192,20.156561,95.50,4.96,1021.98,10.33,-111.31
170322_18082900,46.243181,20.156555,95.50,4.30,1021.98,10.32,-111.31
170322_18083000,46.243170,20.156528,95.50,5.70,1021.97,10.31,-111.27
170322_18083100,46.243169,20.156543,95.50,4.09,1021.97,10.31,-111.25
170322_18083200,46.243170,20.156559,95.50,3.69,1021.97,10.30,-111.22
170322_18083300,46.243173,20.156575,95.50,3.07,1021.97,10.29,-111.22
170322_18083400,46.243175,20.156589,95.50,3.44,1021.97,10.29,-111.22
170322_18083500,46.243173,20.156602,95.50,2.98,1021.97,10.28,-111.21
170322_18083600,46.243178,20.156626,95.50,6.20,1021.97,10.27,-111.26
170322_18083700,46.243177,20.156638,95.50,3.28,1021.98,10.26,-111.30
170322_18083800,46.243166,20.156655,95.50,5.17,1021.98,10.25,-111.31
170322_18083900,46.243160,20.156662,95.50,2.65,1021.99,10.24,-111.37
170322_18084000,46.243166,20.156679,95.50,2.61,1021.99,10.23,-111.36
170322_18084100,46.243172,20.156693,95.50,2.52,1021.99,10.23,-111.40
170322_18084200,46.243177,20.156709,95.50,4.80,1022.00,10.22,-111.46
170322_18084300,46.243185,20.156719,95.50,3.57,1022.00,10.21,-111.52
170322_18084400,46.243192,20.156727,95.50,3.82,1022.01,10.20,-111.57
170322_18084400,46.243192,20.156727,95.50,3.82,1022.02,10.19,-111.62
170322_18084400,46.243192,20.156727,95.50,3.82,1022.02,10.19,-111.64
170322_18084700,46.243192,20.156727,95.50,3.82,1022.02,10.17,-111.68
170322_18084800,46.243192,20.156727,95.50,3.82,1022.03,10.16,-111.69
170322_18084800,46.243192,20.156727,95.50,3.82,1022.03,10.16,-111.73
170322_18084800,46.243192,20.156727,95.50,3.82,1022.03,10.15,-111.73
170322_18084800,46.243192,20.156727,95.50,3.82,1022.03,10.14,-111.76
170322_18085200,46.243192,20.156727,95.50,3.82,1022.03,10.13,-111.76
170322_18085300,46.243192,20.156727,95.50,3.82,1022.03,10.12,-111.72
170322_18085400,46.243192,20.156727,95.50,3.82,1022.03,10.11,-111.76
170322_18085500,46.243390,20.157046,102.80,4.22,1022.03,10.10,-111.76
170322_18085600,46.243405,20.157098,113.20,3.39,1022.04,10.09,-111.80
170322_18085700,46.243412,20.157111,113.20,2.41,1022.04,10.08,-111.79
170322_18085700,46.243412,20.157111,113.20,2.41,1022.04,10.08,-111.83
170322_18085900,46.243412,20.157111,113.20,2.41,1022.04,10.06,-111.82
170322_18085900,46.243412,20.157111,113.20,2.41,1022.04,10.06,-111.84
170322_18090100,46.243412,20.157111,113.20,2.41,1022.04,10.05,-111.85
170322_18090300,46.243412,20.157111,113.20,2.41,1022.04,10.04,-111.85
170322_18090300,46.243412,20.157111,113.20,2.41,1022.05,10.03,-111.86
170322_18090400,46.243599,20.157097,98.20,3.33,1022.04,10.02,-111.84
170322_18090500,46.243593,20.157121,98.20,4.00,1022.04,10.02,-111.85
170322_18090600,46.243598,20.157127,109.00,4.50,1022.05,10.01,-111.85
170322_18090700,46.243602,20.157133,109.00,3.91,1022.05,10.00,-111.88
170322_18090800,46.243609,20.157138,109.60,3.83,1022.05,10.00,-111.90
170322_18090900,46.243616,20.157143,109.60,4.33,1022.05,9.99,-111.91
170322_18091000,46.243618,20.157155,109.60,4.80,1022.05,9.98,-111.89
170322_18091100,46.243621,20.157154,109.60,4.24,1022.05,9.98,-111.89
170322_18091200,46.243640,20.157157,108.90,5.13,1022.05,9.97,-111.90
170322_18091300,46.243653,20.157153,108.90,3.04,1022.05,9.97,-111.92
170322_18091400,46.243661,20.157150,108.90,2.37,1022.05,9.96,-111.93
170322_18091500,46.243663,20.157147,108.90,1.46,1022.06,9.96,-111.99
170322_18091600,46.243672,20.157142,108.90,4.11,1022.06,9.96,-111.99
170322_18091700,46.243686,20.157133,108.90,5.52,1022.06,9.95,-111.97
170322_18091800,46.243688,20.157140,108.90,2.09,1022.06,9.95,-111.98
170322_18091900,46.243695,20.157145,108.90,3.06,1022.06,9.94,-111.94
170322_18092000,46.243704,20.157155,108.90,3.63,1022.05,9.93,-111.91
170322_18092100,46.243714,20.157156,108.90,3.70,1022.06,9.93,-111.95
170322_18092200,46.243722,20.157160,108.90,3.28,1022.06,9.92,-111.98
170322_18092300,46.243728,20.157172,108.90,3.83,1022.06,9.92,-111.97
170322_18092400,46.243736,20.157177,108.90,2.96,1022.06,9.91,-111.97
170322_18092500,46.243740,20.157176,108.90,1.46,1022.06,9.91,-112.00
170322_18092600,46.243749,20.157180,108.90,2.67,1022.06,9.90,-111.98
170322_18092700,46.243758,20.157183,108.90,2.89,1022.06,9.89,-111.94
170322_18092800,46.243767,20.157199,108.90,4.50,1022.06,9.89,-111.96
170322_18092900,46.243777,20.157212,108.90,4.46,1022.06,9.88,-111.96
170322_18093000,46.243780,20.157222,108.90,3.15,1022.05,9.87,-111.93
170322_18093100,46.243786,20.157232,108.90,2.65,1022.05,9.87,-111.93
170322_18093200,46.243795,20.157248,108.90,2.46,1022.05,9.86,-111.91
170322_18093300,46.243806,20.157256,96.60,4.13,1022.05,9.86,-111.92
170322_18093400,46.243809,20.157273,96.60,3.20,1022.06,9.85,-111.94
170322_18093500,46.243815,20.157280,98.20,2.07,1022.06,9.84,-111.95
170322_18093600,46.243819,20.157297,98.20,4.28,1022.05,9.83,-111.93
170322_18093700,46.243825,20.157310,98.20,3.83,1022.05,9.83,-111.93
170322_18093800,46.243832,20.157321,98.20,2.94,1022.05,9.82,-111.92
170322_18093900,46.243835,20.157332,96.40,3.02,1022.05,9.82,-111.89
170322_18094000,46.243840,20.157333,96.40,2.09,1022.05,9.81,-111.90
170322_18094100,46.243844,20.157342,94.80,2.54,1022.06,9.80,-111.94
170322_18094200,46.243851,20.157352,94.80,3.94,1022.06,9.80,-111.98
170322_18094300,46.243860,20.157363,94.80,4.13,1022.06,9.79,-112.01
170322_18094400,46.243868,20.157373,94.80,4.30,1022.07,9.78,-112.05
170322_18094500,46.243874,20.157383,94.80,3.19,1022.07,9.78,-112.09
170322_18094600,46.243877,20.157394,94.80,3.17,1022.08,9.77,-112.11
170322_18094700,46.243885,20.157409,94.80,3.50,1022.08,9.76,-112.10
170322_18094800,46.243895,20.157421,94.80,3.80,1022.07,9.75,-112.10
170322_18094900,46.243900,20.157433,94.80,3.46,1022.07,9.74,-112.09
170322_18095000,46.243908,20.157446,94.80,4.48,1022.07,9.74,-112.09
170322_18095100,46.243914,20.157460,94.80,4.11,1022.07,9.73,-112.06
170322_18095200,46.243922,20.157472,94.80,4.24,1022.07,9.72,-112.07
170322_18095300,46.243928,20.157487,94.80,3.50,1022.07,9.71,-112.06
170322_18095400,46.243937,20.157497,94.80,3.76,1022.07,9.71,-112.06
170322_18095500,46.243949,20.157508,94.80,4.83,1022.07,9.70,-112.07
170322_18095600,46.243958,20.157513,94.80,2.00,1022.08,9.69,-112.14
170322_18095700,46.243973,20.157519,94.80,4.57,1022.08,9.69,-112.14
170322_18095800,46.243984,20.157521,94.80,3.52,1022.08,9.68,-112.18
170322_18095900,46.243993,20.157526,94.80,2.98,1022.09,9.67,-112.21
170322_18100000,46.244006,20.157533,94.80,4.52,1022.09,9.66,-112.19
170322_18100100,46.244016,20.157540,94.80,3.93,1022.08,9.66,-112.14
170322_18100200,46.244025,20.157549,94.80,3.17,1022.07,9.65,-112.05
170322_18100300,46.244034,20.157556,94.80,3.65,1022.06,9.64,-111.94
170322_18100400,46.244043,20.157563,94.80,3.44,1022.04,9.63,-111.83
170322_18100500,46.244050,20.157566,94.80,3.65,1022.04,9.62,-111.78
170322_18100600,46.244053,20.157578,94.80,4.30,1022.03,9.61,-111.72
170322_18100700,46.244056,20.157595,94.80,4.39,1022.02,9.59,-111.64
170322_18100800,46.244059,20.157608,94.80,3.67,1022.01,9.59,-111.59
170322_18100900,46.244058,20.157624,94.80,4.74,1022.01,9.58,-111.53
170322_18101000,46.244060,20.157638,94.80,3.70,1022.00,9.57,-111.50
170322_18101100,46.244064,20.157648,94.80,2.94,1022.00,9.57,-111.48
170322_18101200,46.244060,20.157670,94.80,6.57,1021.99,9.56,-111.44
170322_18101300,46.244066,20.157682,94.80,3.87,1021.99,9.55,-111.42
170322_18101400,46.244075,20.157696,94.80,5.28,1021.99,9.55,-111.42
170322_18101500,46.244079,20.157712,95.30,4.48,1021.99,9.54,-111.44
170322_18101600,46.244085,20.157717,95.30,2.20,1022.00,9.53,-111.46
170322_18101700,46.244088,20.157724,95.30,2.11,1022.00,9.52,-111.47
170322_18101800,46.244093,20.157737,95.30,3.59,1022.00,9.52,-111.52
170322_18101900,46.244089,20.157752,95.30,5.67,1022.01,9.51,-111.55
170322_18102000,46.244087,20.157771,95.30,4.70,1022.01,9.50,-111.58
170322_18102100,46.244092,20.157789,95.30,3.35,1022.02,9.49,-111.61
170322_18102200,46.244098,20.157805,95.30,4.76,1022.02,9.49,-111.60
170322_18102300,46.244104,20.157826,95.30,6.17,1022.02,9.48,-111.63
170322_18102400,46.244110,20.157844,95.30,5.15,1022.02,9.47,-111.66
170322_18102500,46.244116,20.157863,95.30,4.69,1022.02,9.46,-111.64
170322_18102600,46.244120,20.157883,95.30,4.57,1022.02,9.46,-111.67
170322_18102700,46.244121,20.157902,95.30,4.80,1022.03,9.45,-111.69
170322_18102800,46.244125,20.157921,95.30,4.96,1022.03,9.44,-111.70
170322_18102900,46.244122,20.157935,95.30,4.11,1022.03,9.44,-111.75
170322_18103000,46.244131,20.157949,95.30,3.69,1022.04,9.44,-111.84
170322_18103100,46.244138,20.157962,95.30,4.67,1022.05,9.43,-111.90
170322_18103200,46.244149,20.157976,95.30,4.72,1022.05,9.42,-111.90
170322_18103300,46.244154,20.157991,95.30,4.43,1022.05,9.42,-111.90
170322_18103400,46.244160,20.158004,95.30,4.13,1022.05,9.41,-111.90
170322_18103500,46.244170,20.158013,95.30,3.94,1022.05,9.41,-111.90
170322_18103600,46.244177,20.158024,95.30,3.46,1022.05,9.40,-111.93
170322_18103700,46.244174,20.158031,95.30,3.00,1022.06,9.40,-112.00
170322_18103800,46.244173,20.158036,95.30,1.89,1022.06,9.39,-112.01
